Data,Time,TT-1,TT-2,TT-3,TT-4,TT-5,PT-1,PT-2
2022/11/27,22:23:02,55.100000,28.100000,45.800000,31.400000,19.200000,52.500000,70.200000
